"cod_catalogo","fec_inicat","fec_fincat","des_cat","cod_usuregis","fec_regis","cod_usumodif","fec_modif"
"FIELD",[0001/12/31:12:00:00 AM],[9999/12/31:12:00:00 AM],"tipos de campo"," ",[2019/08/01:10:34:15 AM]," ",[2019/08/01:10:34:15 AM]
"NORMAS_LEG",[0001/12/31:12:00:00 AM],[9999/12/31:12:00:00 AM],"tipos de normas de legislaci�n","postgres",[2019/08/01:10:35:05 AM]," ",[2019/08/01:10:35:05 AM]
"ESTADO_LEG",[0001/12/31:12:00:00 AM],[9999/12/31:12:00:00 AM],"estados de legislaci�n","postgres",[2019/08/01:10:39:58 AM]," ",[2019/08/01:10:39:58 AM]
"REF_COMP",[0001/12/31:12:00:00 AM],[9999/12/31:12:00:00 AM],"relaciones entre componentes","userw",[2019/08/01:03:45:54 PM]," ",[2019/08/01:03:45:54 PM]
"RES_AUT",[0001/12/31:12:00:00 AM],[9999/12/31:12:00:00 AM],"recursos autogenerados","userw",[2019/08/01:03:45:54 PM]," ",[2019/08/01:03:45:54 PM]
"CAT_ERROR",[0001/01/01:12:00:00 AM],[9999/12/31:12:00:00 AM],"Catalogo de Errores del Sistema SMARTLEX","userw",[2019/08/01:04:04:40 PM]," ",[2019/08/01:04:04:40 PM]
"001",[0001/01/01:12:00:00 AM],[9999/12/31:12:00:00 AM],"Catalogo tipos de archivos generados SMARTLEX","userw",[2019/08/01:06:06:00 PM],"userw",[2019/08/01:06:10:33 PM]
